{
    "rmse": 0.27395027211586537,
    "mae": 0.17039490445859873,
    "r2": 0.8220061245136498
}